Date,Source,Site ID,POC,Daily Max 8-hour Ozone Concentration,UNITS,DAILY_AQI_VALUE,Site Name,DAILY_OBS_COUNT,PERCENT_COMPLETE,AQS_PARAMETER_CODE,AQS_PARAMETER_DESC,CBSA_CODE,CBSA_NAME,STATE_CODE,STATE,COUNTY_CODE,COUNTY,SITE_LATITUDE,SITE_LONGITUDE
03/01/2023,AQS,370210030,1,0.052,ppm,48,Bent Creek,17,100.0000,44201,Ozone,11700,"Asheville, NC",37,North Carolina,21,Buncombe,35.500102002749,-82.5998603096712
03/02/2023,AQS,370210030,1,0.023,ppm,21,Bent Creek,17,100.0000,44201,Ozone,11700,"Asheville, NC",37,North Carolina,21,Buncombe,35.500102002749,-82.5998603096712
03/03/2023,AQS,370210030,1,0.044,ppm,41,Bent Creek,17,100.0000,44201,Ozone,11700,"Asheville, NC",37,North Carolina,21,Buncombe,35.500102002749,-82.5998603096712
03/04/2023,AQS,370210030,1,0.044,ppm,41,Bent Creek,17,100.0000,44201,Ozone,11700,"Asheville, NC",37,North Carolina,21,Buncombe,35.500102002749,-82.5998603096712
03/05/2023,AQS,370210030,1,0.049,ppm,45,Bent Creek,14,82.0000,44201,Ozone,11700,"Asheville, NC",37,North Carolina,21,Buncombe,35.500102002749,-82.5998603096712
03/06/2023,AQS,370210030,1,0.051,ppm,47,Bent Creek,17,100.0000,44201,Ozone,11700,"Asheville, NC",37,North Carolina,21,Buncombe,35.500102002749,-82.5998603096712
03/07/2023,AQS,370210030,1,0.056,ppm,54,Bent Creek,17,100.0000,44201,Ozone,11700,"Asheville, NC",37,North Carolina,21,Buncombe,35.500102002749,-82.5998603096712
03/08/2023,AQS,370210030,1,0.047,ppm,44,Bent Creek,17,100.0000,44201,Ozone,11700,"Asheville, NC",37,North Carolina,21,Buncombe,35.500102002749,-82.5998603096712
03/09/2023,AQS,370210030,1,0.051,ppm,47,Bent Creek,17,100.0000,44201,Ozone,11700,"Asheville, NC",37,North Carolina,21,Buncombe,35.500102002749,-82.5998603096712
03/10/2023,AQS,370210030,1,0.045,ppm,42,Bent Creek,17,100.0000,44201,Ozone,11700,"Asheville, NC",37,North Carolina,21,Buncombe,35.500102002749,-82.5998603096712
03/11/2023,AQS,370210030,1,0.045,ppm,42,Bent Creek,17,100.0000,44201,Ozone,11700,"Asheville, NC",37,North Carolina,21,Buncombe,35.500102002749,-82.5998603096712
03/12/2023,AQS,370210030,1,0.029,ppm,27,Bent Creek,17,100.0000,44201,Ozone,11700,"Asheville, NC",37,North Carolina,21,Buncombe,35.500102002749,-82.5998603096712
03/13/2023,AQS,370210030,1,0.04,ppm,37,Bent Creek,17,100.0000,44201,Ozone,11700,"Asheville, NC",37,North Carolina,21,Buncombe,35.500102002749,-82.5998603096712
03/14/2023,AQS,370210030,1,0.045,ppm,42,Bent Creek,17,100.0000,44201,Ozone,11700,"Asheville, NC",37,North Carolina,21,Buncombe,35.500102002749,-82.5998603096712
03/15/2023,AQS,370210030,1,0.049,ppm,45,Bent Creek,17,100.0000,44201,Ozone,11700,"Asheville, NC",37,North Carolina,21,Buncombe,35.500102002749,-82.5998603096712
03/16/2023,AQS,370210030,1,0.065,ppm,84,Bent Creek,17,100.0000,44201,Ozone,11700,"Asheville, NC",37,North Carolina,21,Buncombe,35.500102002749,-82.5998603096712
03/17/2023,AQS,370210030,1,0.04,ppm,37,Bent Creek,17,100.0000,44201,Ozone,11700,"Asheville, NC",37,North Carolina,21,Buncombe,35.500102002749,-82.5998603096712
03/18/2023,AQS,370210030,1,0.048,ppm,44,Bent Creek,17,100.0000,44201,Ozone,11700,"Asheville, NC",37,North Carolina,21,Buncombe,35.500102002749,-82.5998603096712
03/19/2023,AQS,370210030,1,0.043,ppm,40,Bent Creek,17,100.0000,44201,Ozone,11700,"Asheville, NC",37,North Carolina,21,Buncombe,35.500102002749,-82.5998603096712
03/20/2023,AQS,370210030,1,0.046,ppm,43,Bent Creek,17,100.0000,44201,Ozone,11700,"Asheville, NC",37,North Carolina,21,Buncombe,35.500102002749,-82.5998603096712
03/21/2023,AQS,370210030,1,0.053,ppm,49,Bent Creek,17,100.0000,44201,Ozone,11700,"Asheville, NC",37,North Carolina,21,Buncombe,35.500102002749,-82.5998603096712
03/22/2023,AQS,370210030,1,0.036,ppm,33,Bent Creek,17,100.0000,44201,Ozone,11700,"Asheville, NC",37,North Carolina,21,Buncombe,35.500102002749,-82.5998603096712
03/23/2023,AQS,370210030,1,0.04,ppm,37,Bent Creek,17,100.0000,44201,Ozone,11700,"Asheville, NC",37,North Carolina,21,Buncombe,35.500102002749,-82.5998603096712
03/24/2023,AQS,370210030,1,0.043,ppm,40,Bent Creek,17,100.0000,44201,Ozone,11700,"Asheville, NC",37,North Carolina,21,Buncombe,35.500102002749,-82.5998603096712
03/25/2023,AQS,370210030,1,0.053,ppm,49,Bent Creek,17,100.0000,44201,Ozone,11700,"Asheville, NC",37,North Carolina,21,Buncombe,35.500102002749,-82.5998603096712
03/26/2023,AQS,370210030,1,0.045,ppm,42,Bent Creek,17,100.0000,44201,Ozone,11700,"Asheville, NC",37,North Carolina,21,Buncombe,35.500102002749,-82.5998603096712
03/27/2023,AQS,370210030,1,0.054,ppm,50,Bent Creek,17,100.0000,44201,Ozone,11700,"Asheville, NC",37,North Carolina,21,Buncombe,35.500102002749,-82.5998603096712
03/28/2023,AQS,370210030,1,0.047,ppm,44,Bent Creek,17,100.0000,44201,Ozone,11700,"Asheville, NC",37,North Carolina,21,Buncombe,35.500102002749,-82.5998603096712
03/29/2023,AQS,370210030,1,0.053,ppm,49,Bent Creek,17,100.0000,44201,Ozone,11700,"Asheville, NC",37,North Carolina,21,Buncombe,35.500102002749,-82.5998603096712
03/30/2023,AQS,370210030,1,0.063,ppm,77,Bent Creek,17,100.0000,44201,Ozone,11700,"Asheville, NC",37,North Carolina,21,Buncombe,35.500102002749,-82.5998603096712
03/31/2023,AQS,370210030,1,0.054,ppm,50,Bent Creek,17,100.0000,44201,Ozone,11700,"Asheville, NC",37,North Carolina,21,Buncombe,35.500102002749,-82.5998603096712
04/01/2023,AQS,370210030,1,0.054,ppm,50,Bent Creek,17,100.0000,44201,Ozone,11700,"Asheville, NC",37,North Carolina,21,Buncombe,35.500102002749,-82.5998603096712
04/02/2023,AQS,370210030,1,0.048,ppm,44,Bent Creek,17,100.0000,44201,Ozone,11700,"Asheville, NC",37,North Carolina,21,Buncombe,35.500102002749,-82.5998603096712
04/03/2023,AQS,370210030,1,0.046,ppm,43,Bent Creek,17,100.0000,44201,Ozone,11700,"Asheville, NC",37,North Carolina,21,Buncombe,35.500102002749,-82.5998603096712
04/04/2023,AQS,370210030,1,0.045,ppm,42,Bent Creek,17,100.0000,44201,Ozone,11700,"Asheville, NC",37,North Carolina,21,Buncombe,35.500102002749,-82.5998603096712
04/05/2023,AQS,370210030,1,0.034,ppm,31,Bent Creek,14,82.0000,44201,Ozone,11700,"Asheville, NC",37,North Carolina,21,Buncombe,35.500102002749,-82.5998603096712
04/06/2023,AQS,370210030,1,0.038,ppm,35,Bent Creek,17,100.0000,44201,Ozone,11700,"Asheville, NC",37,North Carolina,21,Buncombe,35.500102002749,-82.5998603096712
04/07/2023,AQS,370210030,1,0.041,ppm,38,Bent Creek,17,100.0000,44201,Ozone,11700,"Asheville, NC",37,North Carolina,21,Buncombe,35.500102002749,-82.5998603096712
04/08/2023,AQS,370210030,1,0.042,ppm,39,Bent Creek,17,100.0000,44201,Ozone,11700,"Asheville, NC",37,North Carolina,21,Buncombe,35.500102002749,-82.5998603096712
04/09/2023,AQS,370210030,1,0.052,ppm,48,Bent Creek,17,100.0000,44201,Ozone,11700,"Asheville, NC",37,North Carolina,21,Buncombe,35.500102002749,-82.5998603096712
04/10/2023,AQS,370210030,1,0.053,ppm,49,Bent Creek,17,100.0000,44201,Ozone,11700,"Asheville, NC",37,North Carolina,21,Buncombe,35.500102002749,-82.5998603096712
04/11/2023,AQS,370210030,1,0.054,ppm,50,Bent Creek,17,100.0000,44201,Ozone,11700,"Asheville, NC",37,North Carolina,21,Buncombe,35.500102002749,-82.5998603096712
04/12/2023,AQS,370210030,1,0.056,ppm,54,Bent Creek,17,100.0000,44201,Ozone,11700,"Asheville, NC",37,North Carolina,21,Buncombe,35.500102002749,-82.5998603096712
04/13/2023,AQS,370210030,1,0.049,ppm,45,Bent Creek,17,100.0000,44201,Ozone,11700,"Asheville, NC",37,North Carolina,21,Buncombe,35.500102002749,-82.5998603096712
04/14/2023,AQS,370210030,1,0.038,ppm,35,Bent Creek,17,100.0000,44201,Ozone,11700,"Asheville, NC",37,North Carolina,21,Buncombe,35.500102002749,-82.5998603096712
04/15/2023,AQS,370210030,1,0.039,ppm,36,Bent Creek,17,100.0000,44201,Ozone,11700,"Asheville, NC",37,North Carolina,21,Buncombe,35.500102002749,-82.5998603096712
04/16/2023,AQS,370210030,1,0.045,ppm,42,Bent Creek,17,100.0000,44201,Ozone,11700,"Asheville, NC",37,North Carolina,21,Buncombe,35.500102002749,-82.5998603096712
04/17/2023,AQS,370210030,1,0.059,ppm,64,Bent Creek,17,100.0000,44201,Ozone,11700,"Asheville, NC",37,North Carolina,21,Buncombe,35.500102002749,-82.5998603096712
04/18/2023,AQS,370210030,1,0.059,ppm,64,Bent Creek,17,100.0000,44201,Ozone,11700,"Asheville, NC",37,North Carolina,21,Buncombe,35.500102002749,-82.5998603096712
04/19/2023,AQS,370210030,1,0.063,ppm,77,Bent Creek,17,100.0000,44201,Ozone,11700,"Asheville, NC",37,North Carolina,21,Buncombe,35.500102002749,-82.5998603096712
04/20/2023,AQS,370210030,1,0.067,ppm,90,Bent Creek,17,100.0000,44201,Ozone,11700,"Asheville, NC",37,North Carolina,21,Buncombe,35.500102002749,-82.5998603096712
04/21/2023,AQS,370210030,1,0.062,ppm,74,Bent Creek,17,100.0000,44201,Ozone,11700,"Asheville, NC",37,North Carolina,21,Buncombe,35.500102002749,-82.5998603096712
04/22/2023,AQS,370210030,1,0.048,ppm,44,Bent Creek,17,100.0000,44201,Ozone,11700,"Asheville, NC",37,North Carolina,21,Buncombe,35.500102002749,-82.5998603096712
04/23/2023,AQS,370210030,1,0.044,ppm,41,Bent Creek,17,100.0000,44201,Ozone,11700,"Asheville, NC",37,North Carolina,21,Buncombe,35.500102002749,-82.5998603096712
04/24/2023,AQS,370210030,1,0.05,ppm,46,Bent Creek,17,100.0000,44201,Ozone,11700,"Asheville, NC",37,North Carolina,21,Buncombe,35.500102002749,-82.5998603096712
04/25/2023,AQS,370210030,1,0.047,ppm,44,Bent Creek,17,100.0000,44201,Ozone,11700,"Asheville, NC",37,North Carolina,21,Buncombe,35.500102002749,-82.5998603096712
04/26/2023,AQS,370210030,1,0.034,ppm,31,Bent Creek,17,100.0000,44201,Ozone,11700,"Asheville, NC",37,North Carolina,21,Buncombe,35.500102002749,-82.5998603096712
04/27/2023,AQS,370210030,1,0.033,ppm,31,Bent Creek,17,100.0000,44201,Ozone,11700,"Asheville, NC",37,North Carolina,21,Buncombe,35.500102002749,-82.5998603096712
04/28/2023,AQS,370210030,1,0.042,ppm,39,Bent Creek,17,100.0000,44201,Ozone,11700,"Asheville, NC",37,North Carolina,21,Buncombe,35.500102002749,-82.5998603096712
04/29/2023,AQS,370210030,1,0.045,ppm,42,Bent Creek,17,100.0000,44201,Ozone,11700,"Asheville, NC",37,North Carolina,21,Buncombe,35.500102002749,-82.5998603096712
04/30/2023,AQS,370210030,1,0.05,ppm,46,Bent Creek,17,100.0000,44201,Ozone,11700,"Asheville, NC",37,North Carolina,21,Buncombe,35.500102002749,-82.5998603096712
05/01/2023,AQS,370210030,1,0.046,ppm,43,Bent Creek,17,100.0000,44201,Ozone,11700,"Asheville, NC",37,North Carolina,21,Buncombe,35.500102002749,-82.5998603096712
05/02/2023,AQS,370210030,1,0.053,ppm,49,Bent Creek,17,100.0000,44201,Ozone,11700,"Asheville, NC",37,North Carolina,21,Buncombe,35.500102002749,-82.5998603096712
05/03/2023,AQS,370210030,1,0.047,ppm,44,Bent Creek,17,100.0000,44201,Ozone,11700,"Asheville, NC",37,North Carolina,21,Buncombe,35.500102002749,-82.5998603096712
05/04/2023,AQS,370210030,1,0.05,ppm,46,Bent Creek,17,100.0000,44201,Ozone,11700,"Asheville, NC",37,North Carolina,21,Buncombe,35.500102002749,-82.5998603096712
05/05/2023,AQS,370210030,1,0.054,ppm,50,Bent Creek,17,100.0000,44201,Ozone,11700,"Asheville, NC",37,North Carolina,21,Buncombe,35.500102002749,-82.5998603096712
05/06/2023,AQS,370210030,1,0.051,ppm,47,Bent Creek,17,100.0000,44201,Ozone,11700,"Asheville, NC",37,North Carolina,21,Buncombe,35.500102002749,-82.5998603096712
05/07/2023,AQS,370210030,1,0.041,ppm,38,Bent Creek,17,100.0000,44201,Ozone,11700,"Asheville, NC",37,North Carolina,21,Buncombe,35.500102002749,-82.5998603096712
05/08/2023,AQS,370210030,1,0.047,ppm,44,Bent Creek,17,100.0000,44201,Ozone,11700,"Asheville, NC",37,North Carolina,21,Buncombe,35.500102002749,-82.5998603096712
05/09/2023,AQS,370210030,1,0.055,ppm,51,Bent Creek,17,100.0000,44201,Ozone,11700,"Asheville, NC",37,North Carolina,21,Buncombe,35.500102002749,-82.5998603096712
05/10/2023,AQS,370210030,1,0.054,ppm,50,Bent Creek,17,100.0000,44201,Ozone,11700,"Asheville, NC",37,North Carolina,21,Buncombe,35.500102002749,-82.5998603096712
05/11/2023,AQS,370210030,1,0.053,ppm,49,Bent Creek,17,100.0000,44201,Ozone,11700,"Asheville, NC",37,North Carolina,21,Buncombe,35.500102002749,-82.5998603096712
05/12/2023,AQS,370210030,1,0.037,ppm,34,Bent Creek,17,100.0000,44201,Ozone,11700,"Asheville, NC",37,North Carolina,21,Buncombe,35.500102002749,-82.5998603096712
05/13/2023,AQS,370210030,1,0.041,ppm,38,Bent Creek,17,100.0000,44201,Ozone,11700,"Asheville, NC",37,North Carolina,21,Buncombe,35.500102002749,-82.5998603096712
05/14/2023,AQS,370210030,1,0.038,ppm,35,Bent Creek,17,100.0000,44201,Ozone,11700,"Asheville, NC",37,North Carolina,21,Buncombe,35.500102002749,-82.5998603096712
05/15/2023,AQS,370210030,1,0.037,ppm,34,Bent Creek,17,100.0000,44201,Ozone,11700,"Asheville, NC",37,North Carolina,21,Buncombe,35.500102002749,-82.5998603096712
05/16/2023,AQS,370210030,1,0.042,ppm,39,Bent Creek,17,100.0000,44201,Ozone,11700,"Asheville, NC",37,North Carolina,21,Buncombe,35.500102002749,-82.5998603096712
05/17/2023,AQS,370210030,1,0.047,ppm,44,Bent Creek,17,100.0000,44201,Ozone,11700,"Asheville, NC",37,North Carolina,21,Buncombe,35.500102002749,-82.5998603096712
05/18/2023,AQS,370210030,1,0.047,ppm,44,Bent Creek,17,100.0000,44201,Ozone,11700,"Asheville, NC",37,North Carolina,21,Buncombe,35.500102002749,-82.5998603096712
05/19/2023,AQS,370210030,1,0.048,ppm,44,Bent Creek,17,100.0000,44201,Ozone,11700,"Asheville, NC",37,North Carolina,21,Buncombe,35.500102002749,-82.5998603096712
05/20/2023,AQS,370210030,1,0.035,ppm,32,Bent Creek,17,100.0000,44201,Ozone,11700,"Asheville, NC",37,North Carolina,21,Buncombe,35.500102002749,-82.5998603096712
05/21/2023,AQS,370210030,1,0.055,ppm,51,Bent Creek,17,100.0000,44201,Ozone,11700,"Asheville, NC",37,North Carolina,21,Buncombe,35.500102002749,-82.5998603096712
05/22/2023,AQS,370210030,1,0.047,ppm,44,Bent Creek,17,100.0000,44201,Ozone,11700,"Asheville, NC",37,North Carolina,21,Buncombe,35.500102002749,-82.5998603096712
05/23/2023,AQS,370210030,1,0.052,ppm,48,Bent Creek,17,100.0000,44201,Ozone,11700,"Asheville, NC",37,North Carolina,21,Buncombe,35.500102002749,-82.5998603096712
05/24/2023,AQS,370210030,1,0.053,ppm,49,Bent Creek,17,100.0000,44201,Ozone,11700,"Asheville, NC",37,North Carolina,21,Buncombe,35.500102002749,-82.5998603096712
05/25/2023,AQS,370210030,1,0.058,ppm,61,Bent Creek,17,100.0000,44201,Ozone,11700,"Asheville, NC",37,North Carolina,21,Buncombe,35.500102002749,-82.5998603096712
05/26/2023,AQS,370210030,1,0.055,ppm,51,Bent Creek,17,100.0000,44201,Ozone,11700,"Asheville, NC",37,North Carolina,21,Buncombe,35.500102002749,-82.5998603096712
05/27/2023,AQS,370210030,1,0.05,ppm,46,Bent Creek,17,100.0000,44201,Ozone,11700,"Asheville, NC",37,North Carolina,21,Buncombe,35.500102002749,-82.5998603096712
05/28/2023,AQS,370210030,1,0.026,ppm,24,Bent Creek,17,100.0000,44201,Ozone,11700,"Asheville, NC",37,North Carolina,21,Buncombe,35.500102002749,-82.5998603096712
05/29/2023,AQS,370210030,1,0.037,ppm,34,Bent Creek,17,100.0000,44201,Ozone,11700,"Asheville, NC",37,North Carolina,21,Buncombe,35.500102002749,-82.5998603096712
05/30/2023,AQS,370210030,1,0.035,ppm,32,Bent Creek,17,100.0000,44201,Ozone,11700,"Asheville, NC",37,North Carolina,21,Buncombe,35.500102002749,-82.5998603096712
05/31/2023,AQS,370210030,1,0.037,ppm,34,Bent Creek,17,100.0000,44201,Ozone,11700,"Asheville, NC",37,North Carolina,21,Buncombe,35.500102002749,-82.5998603096712
06/01/2023,AQS,370210030,1,0.043,ppm,40,Bent Creek,17,100.0000,44201,Ozone,11700,"Asheville, NC",37,North Carolina,21,Buncombe,35.500102002749,-82.5998603096712
06/02/2023,AQS,370210030,1,0.048,ppm,44,Bent Creek,17,100.0000,44201,Ozone,11700,"Asheville, NC",37,North Carolina,21,Buncombe,35.500102002749,-82.5998603096712
06/03/2023,AQS,370210030,1,0.061,ppm,71,Bent Creek,17,100.0000,44201,Ozone,11700,"Asheville, NC",37,North Carolina,21,Buncombe,35.500102002749,-82.5998603096712
06/04/2023,AQS,370210030,1,0.048,ppm,44,Bent Creek,17,100.0000,44201,Ozone,11700,"Asheville, NC",37,North Carolina,21,Buncombe,35.500102002749,-82.5998603096712
06/05/2023,AQS,370210030,1,0.05,ppm,46,Bent Creek,17,100.0000,44201,Ozone,11700,"Asheville, NC",37,North Carolina,21,Buncombe,35.500102002749,-82.5998603096712
06/06/2023,AQS,370210030,1,0.06,ppm,67,Bent Creek,17,100.0000,44201,Ozone,11700,"Asheville, NC",37,North Carolina,21,Buncombe,35.500102002749,-82.5998603096712
06/07/2023,AQS,370210030,1,0.054,ppm,50,Bent Creek,17,100.0000,44201,Ozone,11700,"Asheville, NC",37,North Carolina,21,Buncombe,35.500102002749,-82.5998603096712
06/08/2023,AQS,370210030,1,0.056,ppm,54,Bent Creek,17,100.0000,44201,Ozone,11700,"Asheville, NC",37,North Carolina,21,Buncombe,35.500102002749,-82.5998603096712
06/09/2023,AQS,370210030,1,0.049,ppm,45,Bent Creek,17,100.0000,44201,Ozone,11700,"Asheville, NC",37,North Carolina,21,Buncombe,35.500102002749,-82.5998603096712
06/10/2023,AQS,370210030,1,0.059,ppm,64,Bent Creek,17,100.0000,44201,Ozone,11700,"Asheville, NC",37,North Carolina,21,Buncombe,35.500102002749,-82.5998603096712
06/11/2023,AQS,370210030,1,0.043,ppm,40,Bent Creek,17,100.0000,44201,Ozone,11700,"Asheville, NC",37,North Carolina,21,Buncombe,35.500102002749,-82.5998603096712
06/12/2023,AQS,370210030,1,0.051,ppm,47,Bent Creek,17,100.0000,44201,Ozone,11700,"Asheville, NC",37,North Carolina,21,Buncombe,35.500102002749,-82.5998603096712
06/13/2023,AQS,370210030,1,0.054,ppm,50,Bent Creek,17,100.0000,44201,Ozone,11700,"Asheville, NC",37,North Carolina,21,Buncombe,35.500102002749,-82.5998603096712
06/14/2023,AQS,370210030,1,0.05,ppm,46,Bent Creek,17,100.0000,44201,Ozone,11700,"Asheville, NC",37,North Carolina,21,Buncombe,35.500102002749,-82.5998603096712
06/15/2023,AQS,370210030,1,0.053,ppm,49,Bent Creek,17,100.0000,44201,Ozone,11700,"Asheville, NC",37,North Carolina,21,Buncombe,35.500102002749,-82.5998603096712
06/16/2023,AQS,370210030,1,0.067,ppm,90,Bent Creek,17,100.0000,44201,Ozone,11700,"Asheville, NC",37,North Carolina,21,Buncombe,35.500102002749,-82.5998603096712
06/17/2023,AQS,370210030,1,0.06,ppm,67,Bent Creek,17,100.0000,44201,Ozone,11700,"Asheville, NC",37,North Carolina,21,Buncombe,35.500102002749,-82.5998603096712
06/18/2023,AQS,370210030,1,0.055,ppm,51,Bent Creek,17,100.0000,44201,Ozone,11700,"Asheville, NC",37,North Carolina,21,Buncombe,35.500102002749,-82.5998603096712
06/19/2023,AQS,370210030,1,0.038,ppm,35,Bent Creek,17,100.0000,44201,Ozone,11700,"Asheville, NC",37,North Carolina,21,Buncombe,35.500102002749,-82.5998603096712
06/20/2023,AQS,370210030,1,0.034,ppm,31,Bent Creek,17,100.0000,44201,Ozone,11700,"Asheville, NC",37,North Carolina,21,Buncombe,35.500102002749,-82.5998603096712
06/21/2023,AQS,370210030,1,0.032,ppm,30,Bent Creek,17,100.0000,44201,Ozone,11700,"Asheville, NC",37,North Carolina,21,Buncombe,35.500102002749,-82.5998603096712
06/22/2023,AQS,370210030,1,0.02,ppm,19,Bent Creek,17,100.0000,44201,Ozone,11700,"Asheville, NC",37,North Carolina,21,Buncombe,35.500102002749,-82.5998603096712
06/23/2023,AQS,370210030,1,0.028,ppm,26,Bent Creek,17,100.0000,44201,Ozone,11700,"Asheville, NC",37,North Carolina,21,Buncombe,35.500102002749,-82.5998603096712
06/24/2023,AQS,370210030,1,0.035,ppm,32,Bent Creek,17,100.0000,44201,Ozone,11700,"Asheville, NC",37,North Carolina,21,Buncombe,35.500102002749,-82.5998603096712
06/25/2023,AQS,370210030,1,0.043,ppm,40,Bent Creek,17,100.0000,44201,Ozone,11700,"Asheville, NC",37,North Carolina,21,Buncombe,35.500102002749,-82.5998603096712
06/26/2023,AQS,370210030,1,0.045,ppm,42,Bent Creek,17,100.0000,44201,Ozone,11700,"Asheville, NC",37,North Carolina,21,Buncombe,35.500102002749,-82.5998603096712
06/27/2023,AQS,370210030,1,0.049,ppm,45,Bent Creek,17,100.0000,44201,Ozone,11700,"Asheville, NC",37,North Carolina,21,Buncombe,35.500102002749,-82.5998603096712
06/28/2023,AQS,370210030,1,0.057,ppm,58,Bent Creek,17,100.0000,44201,Ozone,11700,"Asheville, NC",37,North Carolina,21,Buncombe,35.500102002749,-82.5998603096712
06/29/2023,AQS,370210030,1,0.055,ppm,51,Bent Creek,17,100.0000,44201,Ozone,11700,"Asheville, NC",37,North Carolina,21,Buncombe,35.500102002749,-82.5998603096712
06/30/2023,AQS,370210030,1,0.035,ppm,32,Bent Creek,17,100.0000,44201,Ozone,11700,"Asheville, NC",37,North Carolina,21,Buncombe,35.500102002749,-82.5998603096712
07/01/2023,AQS,370210030,1,0.031,ppm,29,Bent Creek,17,100.0000,44201,Ozone,11700,"Asheville, NC",37,North Carolina,21,Buncombe,35.500102002749,-82.5998603096712
07/02/2023,AQS,370210030,1,0.031,ppm,29,Bent Creek,17,100.0000,44201,Ozone,11700,"Asheville, NC",37,North Carolina,21,Buncombe,35.500102002749,-82.5998603096712
07/03/2023,AQS,370210030,1,0.033,ppm,31,Bent Creek,17,100.0000,44201,Ozone,11700,"Asheville, NC",37,North Carolina,21,Buncombe,35.500102002749,-82.5998603096712
07/04/2023,AQS,370210030,1,0.03,ppm,28,Bent Creek,17,100.0000,44201,Ozone,11700,"Asheville, NC",37,North Carolina,21,Buncombe,35.500102002749,-82.5998603096712
07/05/2023,AQS,370210030,1,0.033,ppm,31,Bent Creek,17,100.0000,44201,Ozone,11700,"Asheville, NC",37,North Carolina,21,Buncombe,35.500102002749,-82.5998603096712
07/06/2023,AQS,370210030,1,0.039,ppm,36,Bent Creek,17,100.0000,44201,Ozone,11700,"Asheville, NC",37,North Carolina,21,Buncombe,35.500102002749,-82.5998603096712
07/07/2023,AQS,370210030,1,0.04,ppm,37,Bent Creek,17,100.0000,44201,Ozone,11700,"Asheville, NC",37,North Carolina,21,Buncombe,35.500102002749,-82.5998603096712
07/08/2023,AQS,370210030,1,0.042,ppm,39,Bent Creek,17,100.0000,44201,Ozone,11700,"Asheville, NC",37,North Carolina,21,Buncombe,35.500102002749,-82.5998603096712
07/09/2023,AQS,370210030,1,0.042,ppm,39,Bent Creek,17,100.0000,44201,Ozone,11700,"Asheville, NC",37,North Carolina,21,Buncombe,35.500102002749,-82.5998603096712
07/10/2023,AQS,370210030,1,0.044,ppm,41,Bent Creek,17,100.0000,44201,Ozone,11700,"Asheville, NC",37,North Carolina,21,Buncombe,35.500102002749,-82.5998603096712
07/11/2023,AQS,370210030,1,0.048,ppm,44,Bent Creek,17,100.0000,44201,Ozone,11700,"Asheville, NC",37,North Carolina,21,Buncombe,35.500102002749,-82.5998603096712
07/12/2023,AQS,370210030,1,0.047,ppm,44,Bent Creek,17,100.0000,44201,Ozone,11700,"Asheville, NC",37,North Carolina,21,Buncombe,35.500102002749,-82.5998603096712
07/13/2023,AQS,370210030,1,0.039,ppm,36,Bent Creek,17,100.0000,44201,Ozone,11700,"Asheville, NC",37,North Carolina,21,Buncombe,35.500102002749,-82.5998603096712
07/14/2023,AQS,370210030,1,0.033,ppm,31,Bent Creek,17,100.0000,44201,Ozone,11700,"Asheville, NC",37,North Carolina,21,Buncombe,35.500102002749,-82.5998603096712
07/15/2023,AQS,370210030,1,0.027,ppm,25,Bent Creek,17,100.0000,44201,Ozone,11700,"Asheville, NC",37,North Carolina,21,Buncombe,35.500102002749,-82.5998603096712
07/16/2023,AQS,370210030,1,0.043,ppm,40,Bent Creek,17,100.0000,44201,Ozone,11700,"Asheville, NC",37,North Carolina,21,Buncombe,35.500102002749,-82.5998603096712
07/17/2023,AQS,370210030,1,0.053,ppm,49,Bent Creek,17,100.0000,44201,Ozone,11700,"Asheville, NC",37,North Carolina,21,Buncombe,35.500102002749,-82.5998603096712
07/18/2023,AQS,370210030,1,0.047,ppm,44,Bent Creek,17,100.0000,44201,Ozone,11700,"Asheville, NC",37,North Carolina,21,Buncombe,35.500102002749,-82.5998603096712
07/19/2023,AQS,370210030,1,0.034,ppm,31,Bent Creek,17,100.0000,44201,Ozone,11700,"Asheville, NC",37,North Carolina,21,Buncombe,35.500102002749,-82.5998603096712
07/20/2023,AQS,370210030,1,0.017,ppm,16,Bent Creek,17,100.0000,44201,Ozone,11700,"Asheville, NC",37,North Carolina,21,Buncombe,35.500102002749,-82.5998603096712
07/21/2023,AQS,370210030,1,0.039,ppm,36,Bent Creek,17,100.0000,44201,Ozone,11700,"Asheville, NC",37,North Carolina,21,Buncombe,35.500102002749,-82.5998603096712
07/22/2023,AQS,370210030,1,0.04,ppm,37,Bent Creek,17,100.0000,44201,Ozone,11700,"Asheville, NC",37,North Carolina,21,Buncombe,35.500102002749,-82.5998603096712
07/23/2023,AQS,370210030,1,0.041,ppm,38,Bent Creek,17,100.0000,44201,Ozone,11700,"Asheville, NC",37,North Carolina,21,Buncombe,35.500102002749,-82.5998603096712
07/24/2023,AQS,370210030,1,0.046,ppm,43,Bent Creek,17,100.0000,44201,Ozone,11700,"Asheville, NC",37,North Carolina,21,Buncombe,35.500102002749,-82.5998603096712
07/25/2023,AQS,370210030,1,0.042,ppm,39,Bent Creek,17,100.0000,44201,Ozone,11700,"Asheville, NC",37,North Carolina,21,Buncombe,35.500102002749,-82.5998603096712
07/26/2023,AQS,370210030,1,0.044,ppm,41,Bent Creek,17,100.0000,44201,Ozone,11700,"Asheville, NC",37,North Carolina,21,Buncombe,35.500102002749,-82.5998603096712
07/27/2023,AQS,370210030,1,0.048,ppm,44,Bent Creek,17,100.0000,44201,Ozone,11700,"Asheville, NC",37,North Carolina,21,Buncombe,35.500102002749,-82.5998603096712
07/28/2023,AQS,370210030,1,0.04,ppm,37,Bent Creek,17,100.0000,44201,Ozone,11700,"Asheville, NC",37,North Carolina,21,Buncombe,35.500102002749,-82.5998603096712
07/29/2023,AQS,370210030,1,0.033,ppm,31,Bent Creek,17,100.0000,44201,Ozone,11700,"Asheville, NC",37,North Carolina,21,Buncombe,35.500102002749,-82.5998603096712
07/30/2023,AQS,370210030,1,0.035,ppm,32,Bent Creek,17,100.0000,44201,Ozone,11700,"Asheville, NC",37,North Carolina,21,Buncombe,35.500102002749,-82.5998603096712
07/31/2023,AQS,370210030,1,0.041,ppm,38,Bent Creek,17,100.0000,44201,Ozone,11700,"Asheville, NC",37,North Carolina,21,Buncombe,35.500102002749,-82.5998603096712
08/01/2023,AQS,370210030,1,0.046,ppm,43,Bent Creek,17,100.0000,44201,Ozone,11700,"Asheville, NC",37,North Carolina,21,Buncombe,35.500102002749,-82.5998603096712
08/02/2023,AQS,370210030,1,0.041,ppm,38,Bent Creek,17,100.0000,44201,Ozone,11700,"Asheville, NC",37,North Carolina,21,Buncombe,35.500102002749,-82.5998603096712
08/03/2023,AQS,370210030,1,0.02,ppm,19,Bent Creek,17,100.0000,44201,Ozone,11700,"Asheville, NC",37,North Carolina,21,Buncombe,35.500102002749,-82.5998603096712
08/04/2023,AQS,370210030,1,0.04,ppm,37,Bent Creek,17,100.0000,44201,Ozone,11700,"Asheville, NC",37,North Carolina,21,Buncombe,35.500102002749,-82.5998603096712
08/05/2023,AQS,370210030,1,0.039,ppm,36,Bent Creek,17,100.0000,44201,Ozone,11700,"Asheville, NC",37,North Carolina,21,Buncombe,35.500102002749,-82.5998603096712
08/06/2023,AQS,370210030,1,0.031,ppm,29,Bent Creek,17,100.0000,44201,Ozone,11700,"Asheville, NC",37,North Carolina,21,Buncombe,35.500102002749,-82.5998603096712
08/07/2023,AQS,370210030,1,0.03,ppm,28,Bent Creek,17,100.0000,44201,Ozone,11700,"Asheville, NC",37,North Carolina,21,Buncombe,35.500102002749,-82.5998603096712
08/08/2023,AQS,370210030,1,0.035,ppm,32,Bent Creek,17,100.0000,44201,Ozone,11700,"Asheville, NC",37,North Carolina,21,Buncombe,35.500102002749,-82.5998603096712
08/09/2023,AQS,370210030,1,0.039,ppm,36,Bent Creek,17,100.0000,44201,Ozone,11700,"Asheville, NC",37,North Carolina,21,Buncombe,35.500102002749,-82.5998603096712
08/10/2023,AQS,370210030,1,0.038,ppm,35,Bent Creek,17,100.0000,44201,Ozone,11700,"Asheville, NC",37,North Carolina,21,Buncombe,35.500102002749,-82.5998603096712
08/11/2023,AQS,370210030,1,0.028,ppm,26,Bent Creek,17,100.0000,44201,Ozone,11700,"Asheville, NC",37,North Carolina,21,Buncombe,35.500102002749,-82.5998603096712
08/12/2023,AQS,370210030,1,0.032,ppm,30,Bent Creek,17,100.0000,44201,Ozone,11700,"Asheville, NC",37,North Carolina,21,Buncombe,35.500102002749,-82.5998603096712
08/13/2023,AQS,370210030,1,0.037,ppm,34,Bent Creek,17,100.0000,44201,Ozone,11700,"Asheville, NC",37,North Carolina,21,Buncombe,35.500102002749,-82.5998603096712
08/14/2023,AQS,370210030,1,0.028,ppm,26,Bent Creek,17,100.0000,44201,Ozone,11700,"Asheville, NC",37,North Carolina,21,Buncombe,35.500102002749,-82.5998603096712
08/15/2023,AQS,370210030,1,0.033,ppm,31,Bent Creek,17,100.0000,44201,Ozone,11700,"Asheville, NC",37,North Carolina,21,Buncombe,35.500102002749,-82.5998603096712
08/16/2023,AQS,370210030,1,0.042,ppm,39,Bent Creek,17,100.0000,44201,Ozone,11700,"Asheville, NC",37,North Carolina,21,Buncombe,35.500102002749,-82.5998603096712
08/17/2023,AQS,370210030,1,0.045,ppm,42,Bent Creek,17,100.0000,44201,Ozone,11700,"Asheville, NC",37,North Carolina,21,Buncombe,35.500102002749,-82.5998603096712
08/18/2023,AQS,370210030,1,0.044,ppm,41,Bent Creek,17,100.0000,44201,Ozone,11700,"Asheville, NC",37,North Carolina,21,Buncombe,35.500102002749,-82.5998603096712
08/19/2023,AQS,370210030,1,0.04,ppm,37,Bent Creek,17,100.0000,44201,Ozone,11700,"Asheville, NC",37,North Carolina,21,Buncombe,35.500102002749,-82.5998603096712
08/20/2023,AQS,370210030,1,0.045,ppm,42,Bent Creek,17,100.0000,44201,Ozone,11700,"Asheville, NC",37,North Carolina,21,Buncombe,35.500102002749,-82.5998603096712
08/21/2023,AQS,370210030,1,0.043,ppm,40,Bent Creek,17,100.0000,44201,Ozone,11700,"Asheville, NC",37,North Carolina,21,Buncombe,35.500102002749,-82.5998603096712
08/22/2023,AQS,370210030,1,0.048,ppm,44,Bent Creek,17,100.0000,44201,Ozone,11700,"Asheville, NC",37,North Carolina,21,Buncombe,35.500102002749,-82.5998603096712
08/23/2023,AQS,370210030,1,0.059,ppm,64,Bent Creek,17,100.0000,44201,Ozone,11700,"Asheville, NC",37,North Carolina,21,Buncombe,35.500102002749,-82.5998603096712
08/24/2023,AQS,370210030,1,0.042,ppm,39,Bent Creek,17,100.0000,44201,Ozone,11700,"Asheville, NC",37,North Carolina,21,Buncombe,35.500102002749,-82.5998603096712
08/25/2023,AQS,370210030,1,0.045,ppm,42,Bent Creek,17,100.0000,44201,Ozone,11700,"Asheville, NC",37,North Carolina,21,Buncombe,35.500102002749,-82.5998603096712
08/26/2023,AQS,370210030,1,0.05,ppm,46,Bent Creek,17,100.0000,44201,Ozone,11700,"Asheville, NC",37,North Carolina,21,Buncombe,35.500102002749,-82.5998603096712
08/27/2023,AQS,370210030,1,0.041,ppm,38,Bent Creek,17,100.0000,44201,Ozone,11700,"Asheville, NC",37,North Carolina,21,Buncombe,35.500102002749,-82.5998603096712
08/28/2023,AQS,370210030,1,0.03,ppm,28,Bent Creek,17,100.0000,44201,Ozone,11700,"Asheville, NC",37,North Carolina,21,Buncombe,35.500102002749,-82.5998603096712
08/29/2023,AQS,370210030,1,0.026,ppm,24,Bent Creek,17,100.0000,44201,Ozone,11700,"Asheville, NC",37,North Carolina,21,Buncombe,35.500102002749,-82.5998603096712
08/30/2023,AQS,370210030,1,0.033,ppm,31,Bent Creek,17,100.0000,44201,Ozone,11700,"Asheville, NC",37,North Carolina,21,Buncombe,35.500102002749,-82.5998603096712
08/31/2023,AQS,370210030,1,0.041,ppm,38,Bent Creek,17,100.0000,44201,Ozone,11700,"Asheville, NC",37,North Carolina,21,Buncombe,35.500102002749,-82.5998603096712
09/01/2023,AQS,370210030,1,0.044,ppm,41,Bent Creek,17,100.0000,44201,Ozone,11700,"Asheville, NC",37,North Carolina,21,Buncombe,35.500102002749,-82.5998603096712
09/02/2023,AQS,370210030,1,0.046,ppm,43,Bent Creek,17,100.0000,44201,Ozone,11700,"Asheville, NC",37,North Carolina,21,Buncombe,35.500102002749,-82.5998603096712
09/03/2023,AQS,370210030,1,0.039,ppm,36,Bent Creek,17,100.0000,44201,Ozone,11700,"Asheville, NC",37,North Carolina,21,Buncombe,35.500102002749,-82.5998603096712
09/04/2023,AQS,370210030,1,0.037,ppm,34,Bent Creek,17,100.0000,44201,Ozone,11700,"Asheville, NC",37,North Carolina,21,Buncombe,35.500102002749,-82.5998603096712
09/05/2023,AQS,370210030,1,0.035,ppm,32,Bent Creek,17,100.0000,44201,Ozone,11700,"Asheville, NC",37,North Carolina,21,Buncombe,35.500102002749,-82.5998603096712
09/06/2023,AQS,370210030,1,0.035,ppm,32,Bent Creek,17,100.0000,44201,Ozone,11700,"Asheville, NC",37,North Carolina,21,Buncombe,35.500102002749,-82.5998603096712
09/07/2023,AQS,370210030,1,0.034,ppm,31,Bent Creek,17,100.0000,44201,Ozone,11700,"Asheville, NC",37,North Carolina,21,Buncombe,35.500102002749,-82.5998603096712
09/08/2023,AQS,370210030,1,0.039,ppm,36,Bent Creek,17,100.0000,44201,Ozone,11700,"Asheville, NC",37,North Carolina,21,Buncombe,35.500102002749,-82.5998603096712
09/09/2023,AQS,370210030,1,0.041,ppm,38,Bent Creek,17,100.0000,44201,Ozone,11700,"Asheville, NC",37,North Carolina,21,Buncombe,35.500102002749,-82.5998603096712
09/10/2023,AQS,370210030,1,0.033,ppm,31,Bent Creek,17,100.0000,44201,Ozone,11700,"Asheville, NC",37,North Carolina,21,Buncombe,35.500102002749,-82.5998603096712
09/11/2023,AQS,370210030,1,0.033,ppm,31,Bent Creek,17,100.0000,44201,Ozone,11700,"Asheville, NC",37,North Carolina,21,Buncombe,35.500102002749,-82.5998603096712
09/12/2023,AQS,370210030,1,0.031,ppm,29,Bent Creek,17,100.0000,44201,Ozone,11700,"Asheville, NC",37,North Carolina,21,Buncombe,35.500102002749,-82.5998603096712
09/13/2023,AQS,370210030,1,0.036,ppm,33,Bent Creek,17,100.0000,44201,Ozone,11700,"Asheville, NC",37,North Carolina,21,Buncombe,35.500102002749,-82.5998603096712
09/14/2023,AQS,370210030,1,0.036,ppm,33,Bent Creek,17,100.0000,44201,Ozone,11700,"Asheville, NC",37,North Carolina,21,Buncombe,35.500102002749,-82.5998603096712
09/15/2023,AQS,370210030,1,0.039,ppm,36,Bent Creek,17,100.0000,44201,Ozone,11700,"Asheville, NC",37,North Carolina,21,Buncombe,35.500102002749,-82.5998603096712
09/16/2023,AQS,370210030,1,0.038,ppm,35,Bent Creek,17,100.0000,44201,Ozone,11700,"Asheville, NC",37,North Carolina,21,Buncombe,35.500102002749,-82.5998603096712
09/17/2023,AQS,370210030,1,0.034,ppm,31,Bent Creek,17,100.0000,44201,Ozone,11700,"Asheville, NC",37,North Carolina,21,Buncombe,35.500102002749,-82.5998603096712
09/18/2023,AQS,370210030,1,0.042,ppm,39,Bent Creek,17,100.0000,44201,Ozone,11700,"Asheville, NC",37,North Carolina,21,Buncombe,35.500102002749,-82.5998603096712
09/19/2023,AQS,370210030,1,0.038,ppm,35,Bent Creek,17,100.0000,44201,Ozone,11700,"Asheville, NC",37,North Carolina,21,Buncombe,35.500102002749,-82.5998603096712
09/20/2023,AQS,370210030,1,0.044,ppm,41,Bent Creek,17,100.0000,44201,Ozone,11700,"Asheville, NC",37,North Carolina,21,Buncombe,35.500102002749,-82.5998603096712
09/21/2023,AQS,370210030,1,0.047,ppm,44,Bent Creek,17,100.0000,44201,Ozone,11700,"Asheville, NC",37,North Carolina,21,Buncombe,35.500102002749,-82.5998603096712
09/22/2023,AQS,370210030,1,0.041,ppm,38,Bent Creek,17,100.0000,44201,Ozone,11700,"Asheville, NC",37,North Carolina,21,Buncombe,35.500102002749,-82.5998603096712
09/23/2023,AQS,370210030,1,0.045,ppm,42,Bent Creek,17,100.0000,44201,Ozone,11700,"Asheville, NC",37,North Carolina,21,Buncombe,35.500102002749,-82.5998603096712
09/24/2023,AQS,370210030,1,0.038,ppm,35,Bent Creek,17,100.0000,44201,Ozone,11700,"Asheville, NC",37,North Carolina,21,Buncombe,35.500102002749,-82.5998603096712
09/25/2023,AQS,370210030,1,0.033,ppm,31,Bent Creek,17,100.0000,44201,Ozone,11700,"Asheville, NC",37,North Carolina,21,Buncombe,35.500102002749,-82.5998603096712
09/26/2023,AQS,370210030,1,0.039,ppm,36,Bent Creek,17,100.0000,44201,Ozone,11700,"Asheville, NC",37,North Carolina,21,Buncombe,35.500102002749,-82.5998603096712
09/27/2023,AQS,370210030,1,0.023,ppm,21,Bent Creek,17,100.0000,44201,Ozone,11700,"Asheville, NC",37,North Carolina,21,Buncombe,35.500102002749,-82.5998603096712
09/28/2023,AQS,370210030,1,0.042,ppm,39,Bent Creek,17,100.0000,44201,Ozone,11700,"Asheville, NC",37,North Carolina,21,Buncombe,35.500102002749,-82.5998603096712
09/29/2023,AQS,370210030,1,0.043,ppm,40,Bent Creek,17,100.0000,44201,Ozone,11700,"Asheville, NC",37,North Carolina,21,Buncombe,35.500102002749,-82.5998603096712
09/30/2023,AQS,370210030,1,0.046,ppm,43,Bent Creek,17,100.0000,44201,Ozone,11700,"Asheville, NC",37,North Carolina,21,Buncombe,35.500102002749,-82.5998603096712
10/01/2023,AQS,370210030,1,0.045,ppm,42,Bent Creek,17,100.0000,44201,Ozone,11700,"Asheville, NC",37,North Carolina,21,Buncombe,35.500102002749,-82.5998603096712
10/02/2023,AQS,370210030,1,0.038,ppm,35,Bent Creek,17,100.0000,44201,Ozone,11700,"Asheville, NC",37,North Carolina,21,Buncombe,35.500102002749,-82.5998603096712
10/03/2023,AQS,370210030,1,0.047,ppm,44,Bent Creek,17,100.0000,44201,Ozone,11700,"Asheville, NC",37,North Carolina,21,Buncombe,35.500102002749,-82.5998603096712
10/04/2023,AQS,370210030,1,0.047,ppm,44,Bent Creek,17,100.0000,44201,Ozone,11700,"Asheville, NC",37,North Carolina,21,Buncombe,35.500102002749,-82.5998603096712
10/05/2023,AQS,370210030,1,0.05,ppm,46,Bent Creek,17,100.0000,44201,Ozone,11700,"Asheville, NC",37,North Carolina,21,Buncombe,35.500102002749,-82.5998603096712
10/06/2023,AQS,370210030,1,0.045,ppm,42,Bent Creek,17,100.0000,44201,Ozone,11700,"Asheville, NC",37,North Carolina,21,Buncombe,35.500102002749,-82.5998603096712
10/07/2023,AQS,370210030,1,0.032,ppm,30,Bent Creek,17,100.0000,44201,Ozone,11700,"Asheville, NC",37,North Carolina,21,Buncombe,35.500102002749,-82.5998603096712
10/08/2023,AQS,370210030,1,0.034,ppm,31,Bent Creek,17,100.0000,44201,Ozone,11700,"Asheville, NC",37,North Carolina,21,Buncombe,35.500102002749,-82.5998603096712
10/09/2023,AQS,370210030,1,0.024,ppm,22,Bent Creek,17,100.0000,44201,Ozone,11700,"Asheville, NC",37,North Carolina,21,Buncombe,35.500102002749,-82.5998603096712
10/10/2023,AQS,370210030,1,0.039,ppm,36,Bent Creek,17,100.0000,44201,Ozone,11700,"Asheville, NC",37,North Carolina,21,Buncombe,35.500102002749,-82.5998603096712
10/11/2023,AQS,370210030,1,0.019,ppm,18,Bent Creek,17,100.0000,44201,Ozone,11700,"Asheville, NC",37,North Carolina,21,Buncombe,35.500102002749,-82.5998603096712
10/12/2023,AQS,370210030,1,0.041,ppm,38,Bent Creek,17,100.0000,44201,Ozone,11700,"Asheville, NC",37,North Carolina,21,Buncombe,35.500102002749,-82.5998603096712
10/13/2023,AQS,370210030,1,0.049,ppm,45,Bent Creek,17,100.0000,44201,Ozone,11700,"Asheville, NC",37,North Carolina,21,Buncombe,35.500102002749,-82.5998603096712
10/14/2023,AQS,370210030,1,0.037,ppm,34,Bent Creek,17,100.0000,44201,Ozone,11700,"Asheville, NC",37,North Carolina,21,Buncombe,35.500102002749,-82.5998603096712
10/15/2023,AQS,370210030,1,0.03,ppm,28,Bent Creek,17,100.0000,44201,Ozone,11700,"Asheville, NC",37,North Carolina,21,Buncombe,35.500102002749,-82.5998603096712
10/16/2023,AQS,370210030,1,0.025,ppm,23,Bent Creek,17,100.0000,44201,Ozone,11700,"Asheville, NC",37,North Carolina,21,Buncombe,35.500102002749,-82.5998603096712
10/17/2023,AQS,370210030,1,0.026,ppm,24,Bent Creek,17,100.0000,44201,Ozone,11700,"Asheville, NC",37,North Carolina,21,Buncombe,35.500102002749,-82.5998603096712
10/18/2023,AQS,370210030,1,0.035,ppm,32,Bent Creek,17,100.0000,44201,Ozone,11700,"Asheville, NC",37,North Carolina,21,Buncombe,35.500102002749,-82.5998603096712
10/19/2023,AQS,370210030,1,0.038,ppm,35,Bent Creek,17,100.0000,44201,Ozone,11700,"Asheville, NC",37,North Carolina,21,Buncombe,35.500102002749,-82.5998603096712
10/20/2023,AQS,370210030,1,0.036,ppm,33,Bent Creek,17,100.0000,44201,Ozone,11700,"Asheville, NC",37,North Carolina,21,Buncombe,35.500102002749,-82.5998603096712
10/21/2023,AQS,370210030,1,0.038,ppm,35,Bent Creek,17,100.0000,44201,Ozone,11700,"Asheville, NC",37,North Carolina,21,Buncombe,35.500102002749,-82.5998603096712
10/22/2023,AQS,370210030,1,0.039,ppm,36,Bent Creek,17,100.0000,44201,Ozone,11700,"Asheville, NC",37,North Carolina,21,Buncombe,35.500102002749,-82.5998603096712
10/23/2023,AQS,370210030,1,0.041,ppm,38,Bent Creek,17,100.0000,44201,Ozone,11700,"Asheville, NC",37,North Carolina,21,Buncombe,35.500102002749,-82.5998603096712
10/24/2023,AQS,370210030,1,0.049,ppm,45,Bent Creek,17,100.0000,44201,Ozone,11700,"Asheville, NC",37,North Carolina,21,Buncombe,35.500102002749,-82.5998603096712
10/25/2023,AQS,370210030,1,0.042,ppm,39,Bent Creek,17,100.0000,44201,Ozone,11700,"Asheville, NC",37,North Carolina,21,Buncombe,35.500102002749,-82.5998603096712
10/26/2023,AQS,370210030,1,0.041,ppm,38,Bent Creek,17,100.0000,44201,Ozone,11700,"Asheville, NC",37,North Carolina,21,Buncombe,35.500102002749,-82.5998603096712
10/27/2023,AQS,370210030,1,0.042,ppm,39,Bent Creek,17,100.0000,44201,Ozone,11700,"Asheville, NC",37,North Carolina,21,Buncombe,35.500102002749,-82.5998603096712
10/28/2023,AQS,370210030,1,0.037,ppm,34,Bent Creek,17,100.0000,44201,Ozone,11700,"Asheville, NC",37,North Carolina,21,Buncombe,35.500102002749,-82.5998603096712
10/29/2023,AQS,370210030,1,0.039,ppm,36,Bent Creek,17,100.0000,44201,Ozone,11700,"Asheville, NC",37,North Carolina,21,Buncombe,35.500102002749,-82.5998603096712
10/30/2023,AQS,370210030,1,0.031,ppm,29,Bent Creek,17,100.0000,44201,Ozone,11700,"Asheville, NC",37,North Carolina,21,Buncombe,35.500102002749,-82.5998603096712
10/31/2023,AQS,370210030,1,0.035,ppm,32,Bent Creek,15,88.0000,44201,Ozone,11700,"Asheville, NC",37,North Carolina,21,Buncombe,35.500102002749,-82.5998603096712